{
    "oscillators": {
        "actives": [
            true,
            false,
            true,
            false,
            false
        ],
        "gains": [
            1.0,
            1.0,
            1.0,
            1.0,
            1.0
        ],
        "hpf_actives": [
            true,
            true,
            true,
            true,
            true
        ],
        "hpf_cutoffs": [
            200.79872131347656,
            200.79872131347656,
            200.79872131347656,
            200.79872131347656,
            200.79872131347656
        ],
        "hpf_wets": [
            1.0,
            1.0,
            1.0,
            1.0,
            1.0
        ],
        "lpf_actives": [
            true,
            true,
            true,
            true,
            true
        ],
        "lpf_cutoffs": [
            20171.0703125,
            20171.0703125,
            20171.0703125,
            20171.0703125,
            20171.0703125
        ],
        "lpf_wets": [
            1.0,
            1.0,
            1.0,
            1.0,
            1.0
        ]
    },
    "fx": {
        "envelope": {
            "active": true,
            "attack": 0.29657989740371704,
            "decay": 0.6036270260810852,
            "sustain": 0.10236220472440945,
            "release": 0.4982748031616211
        },
        "delay": {
            "active": true,
            "time": 0.49727481603622437,
            "feedback": 0.49971131112263734,
            "wet": 0.49606299212598426
        }
    }
}