{
    "oscillators": {
        "active": [
            false,
            false,
            false,
            true,
            false
        ],
        "oscillator_gain": [
            1.0,
            1.0,
            1.0,
            1.0,
            1.0
        ],
        "hpf_active": [
            true,
            true,
            true,
            true,
            true
        ],
        "hpf_cutoff": [
            14396.0546875,
            14396.0546875,
            14396.0546875,
            200.79872131347656,
            14396.0546875
        ],
        "hpf_wet": [
            0.3464566929133858,
            0.4251968503937008,
            0.4251968503937008,
            1.0,
            1.0
        ],
        "lpf_active": [
            true,
            true,
            true,
            true,
            true
        ],
        "lpf_cutoff": [
            6553.05859375,
            6553.05859375,
            6553.05859375,
            6553.05859375,
            6553.05859375
        ],
        "lpf_wet": [
            1.0,
            1.0,
            1.0,
            1.0,
            1.0
        ]
    },
    "fx": {
        "delay": {
            "active": false,
            "time": 0.49727481603622437,
            "feedback": 0.49971131112263734,
            "wet": 0.49606299212598426
        }
    },
    "modulators": {
        "envelope": {
            "attack": 0.5898721814155579,
            "decay": 0.6604059338569641,
            "sustain": 0.06299212598425197,
            "release": 0.4982748031616211
        }
    },
    "performance": {
        "velocity_sensitivity": 127
    }
}