{
    "oscillators": {
        "active": [
            true,
            false,
            true,
            true,
            true
        ],
        "oscillator_gain": [
            1.0,
            1.0,
            1.0,
            1.0,
            1.0
        ],
        "hpf_active": [
            true,
            true,
            true,
            true,
            true
        ],
        "hpf_cutoff": [
            200.79872131347656,
            200.79872131347656,
            200.79872131347656,
            19068.419921875,
            200.79872131347656
        ],
        "hpf_wet": [
            1.0,
            1.0,
            1.0,
            1.0,
            1.0
        ],
        "lpf_active": [
            true,
            true,
            true,
            true,
            true
        ],
        "lpf_cutoff": [
            20171.0703125,
            20171.0703125,
            20171.0703125,
            20171.0703125,
            20171.0703125
        ],
        "lpf_wet": [
            1.0,
            1.0,
            1.0,
            1.0,
            1.0
        ]
    },
    "fx": {
        "delay": {
            "active": false,
            "time": 0.49727481603622437,
            "feedback": 0.49971131112263734,
            "wet": 0.49606299212598426
        }
    },
    "modulators": {
        "envelope": {
            "attack": [
                1.4901139736175537
            ],
            "decay": [
                0.6036270260810852
            ],
            "sustain": [
                0.10236220472440945
            ],
            "release": [
                0.4982748031616211
            ]
        }
    },
    "performance": {
        "velocity_sensitivity": 65
    }
}