{
    "oscillators": {
        "actives": [
            true,
            true,
            false,
            false,
            false
        ],
        "gains": [
            0.5826771653543307,
            1.0,
            1.0,
            1.0,
            1.0
        ],
        "hpf_actives": [
            true,
            true,
            true,
            true,
            true
        ],
        "hpf_cutoffs": [
            200.79872131347656,
            200.79872131347656,
            200.79872131347656,
            200.79872131347656,
            200.79872131347656
        ],
        "hpf_wets": [
            1.0,
            1.0,
            1.0,
            1.0,
            1.0
        ],
        "lpf_actives": [
            true,
            true,
            true,
            true,
            true
        ],
        "lpf_cutoffs": [
            20171.0703125,
            20171.0703125,
            20171.0703125,
            20171.0703125,
            20171.0703125
        ],
        "lpf_wets": [
            1.0,
            1.0,
            1.0,
            1.0,
            1.0
        ]
    },
    "fx": {
        "envelope": {
            "attack": 0.29657989740371704,
            "decay": 0.22965461015701294,
            "sustain": 0.047244094488188976,
            "release": 0.9912874102592468
        },
        "delay": {
            "active": false,
            "time": 0.49727481603622437,
            "feedback": 0.49971131112263734,
            "wet": 0.49606299212598426
        }
    }
}