{
    "oscillators": {
        "actives": [],
        "oscillator_gains": [],
        "hpf_actives": [],
        "hpf_cutoffs": [],
        "hpf_wets": [],
        "lpf_actives": [],
        "lpf_cutoffs": [],
        "lpf_wets": []
    },
    "fx": {
        "envelope": {
            "attack": 0.29657989740371704,
            "decay": 0.6036270260810852,
            "sustain": 0.10236220472440945,
            "release": 0.4982748031616211
        },
        "delay": {
            "active": false,
            "time": 0.49727481603622437,
            "feedback": 0.49971131112263734,
            "wet": 0.49606299212598426
        }
    }
}