{
    "oscillators": {
        "actives": [
            false,
            true,
            true,
            true,
            true
        ],
        "gains": [
            1.0,
            0.7244094488188977,
            1.0,
            1.0,
            1.0
        ],
        "hpf_actives": [
            true,
            true,
            true,
            true,
            true
        ],
        "hpf_cutoffs": [
            200.79872131347656,
            200.79872131347656,
            200.79872131347656,
            200.79872131347656,
            200.79872131347656
        ],
        "hpf_wets": [
            1.0,
            1.0,
            1.0,
            1.0,
            1.0
        ],
        "lpf_actives": [
            true,
            true,
            true,
            true,
            true
        ],
        "lpf_cutoffs": [
            20171.0703125,
            20171.0703125,
            20171.0703125,
            20171.0703125,
            20171.0703125
        ],
        "lpf_wets": [
            1.0,
            1.0,
            1.0,
            1.0,
            1.0
        ]
    },
    "fx": {
        "delay": {
            "active": false,
            "time": 0.49727481603622437,
            "feedback": 0.49971131112263734,
            "wet": 0.49606299212598426
        }
    }
}