{
    "oscillators": {
        "actives": [
            true,
            true,
            false,
            false,
            false
        ],
        "gains": [
            1.0,
            0.7244094488188977,
            0.07874015748031496,
            0.23622047244094488,
            0.0
        ],
        "hpf_actives": [
            true,
            true,
            true,
            true,
            true
        ],
        "hpf_cutoffs": [
            200.79872131347656,
            200.79872131347656,
            200.79872131347656,
            200.79872131347656,
            200.79872131347656
        ],
        "hpf_wets": [
            1.0,
            1.0,
            1.0,
            1.0,
            1.0
        ],
        "lpf_actives": [
            true,
            true,
            true,
            true,
            true
        ],
        "lpf_cutoffs": [
            20171.0703125,
            20171.0703125,
            20171.0703125,
            20171.0703125,
            20171.0703125
        ],
        "lpf_wets": [
            1.0,
            1.0,
            1.0,
            1.0,
            1.0
        ]
    },
    "fx": {
        "delay": {
            "active": false,
            "time": 0.24717992544174194,
            "feedback": 0.08030476830777139,
            "wet": 0.4330708661417323
        }
    }
}