{
    "oscillators": {
        "active": [
            true,
            true,
            true,
            true,
            true
        ],
        "oscillator_gain": [
            0.5023092021272894,
            0.5023092021272894,
            0.5023092021272894,
            0.5023092021272894,
            0.5023092021272894
        ],
        "hpf_active": [
            true,
            true,
            true,
            true,
            true
        ],
        "hpf_cutoff": [
            200.79872131347656,
            200.79872131347656,
            200.0,
            200.0,
            200.0
        ],
        "hpf_wet": [
            1.0,
            1.0,
            1.0,
            1.0,
            1.0
        ],
        "lpf_active": [
            true,
            true,
            true,
            true,
            true
        ],
        "lpf_cutoff": [
            20171.0703125,
            20000.0,
            20000.0,
            20000.0,
            20000.0
        ],
        "lpf_wet": [
            1.0,
            1.0,
            1.0,
            1.0,
            1.0
        ]
    },
    "fx": {
        "delay": {
            "active": false,
            "time": 0.5,
            "feedback": 0.5,
            "wet": 0.5
        }
    },
    "modulators": {
        "envelope": {
            "attack": 0.3,
            "decay": 0.6,
            "sustain": 0.1,
            "release": 0.5
        }
    },
    "performance": {
        "velocity_sensitivity": 127
    }
}