{
    "oscillators": {
        "active": [
            true,
            false,
            false,
            true,
            false
        ],
        "oscillator_gain": [
            0.3314485879235455,
            0.3314485879235455,
            0.3314485879235455,
            0.3314485879235455,
            0.3314485879235455
        ],
        "hpf_active": [
            true,
            true,
            true,
            true,
            true
        ],
        "hpf_cutoff": [
            200.79872131347656,
            200.79872131347656,
            200.79872131347656,
            200.79872131347656,
            200.79872131347656
        ],
        "hpf_wet": [
            1.0,
            1.0,
            1.0,
            1.0,
            1.0
        ],
        "lpf_active": [
            true,
            true,
            true,
            true,
            true
        ],
        "lpf_cutoff": [
            20171.0703125,
            20171.0703125,
            20171.0703125,
            20171.0703125,
            20171.0703125
        ],
        "lpf_wet": [
            1.0,
            1.0,
            1.0,
            1.0,
            1.0
        ]
    },
    "fx": {
        "delay": {
            "active": false,
            "time": 0.49727481603622437,
            "feedback": 0.49971131112263734,
            "wet": 0.49606299212598426
        }
    },
    "modulators": {
        "envelope": {
            "attack": 0.29657989740371704,
            "decay": 1.9632887840270996,
            "sustain": 1.0,
            "release": 0.4982748031616211
        }
    },
    "performance": {
        "velocity_sensitivity": 127
    }
}